Time;SiteName;ParcelName;point_id;GreenCanopyCover [%];X;Y;Phenology [BBCH];date_date;GLAI [m2/m2];DryBiomass [kg/ha];days_after_sowing;GDD [Â°C]
01.03.23 14:56;Strickhof;Hohrueti 2;3;53.12689636;2693712.544;1255236.648;25;01.03.23;;0.147053846;134;704.3
01.03.23 15:41;Strickhof;Hohrueti 2;2;48.96527828;2693690.743;1255278.88;25;01.03.23;;0.180515385;134;704.3
15.03.23 14:07;Strickhof;Hohrueti 2;3;71.66047901;2693716.999;1255230.013;29;15.03.23;;0.170515385;148;772.6
15.03.23 14:26;Strickhof;Hohrueti 2;2;43.92567701;2693689.887;1255273.022;29;15.03.23;;0.171284615;148;772.6
15.03.23 14:43;Strickhof;Hohrueti 2;4;76.54692096;2693688.862;1255299.392;29;15.03.23;1.562596228;0.146284615;148;772.6
15.03.23 15:08;Strickhof;Hohrueti 2;1;44.06402337;2693690.841;1255324.99;29;15.03.23;1.720866687;0.168207692;148;772.6
22.03.23 14:06;Strickhof;Hohrueti 2;3;76.10569707;2693719.326;1255232.841;32;22.03.23;;0.182207692;155;838.1
22.03.23 14:24;Strickhof;Hohrueti 2;2;76.7892971;2693692.673;1255282.75;32;22.03.23;1.252163403;0.122497436;155;838.1
22.03.23 14:44;Strickhof;Hohrueti 2;4;78.83022607;2693692.498;1255300.205;32;22.03.23;;0.123164103;155;838.1
22.03.23 15:00;Strickhof;Hohrueti 2;1;79.79509644;2693687.351;1255319.342;31;22.03.23;;0.192976923;155;838.1
29.03.23 13:10;Strickhof;Hohrueti 2;3;37.25519377;2693714.289;1255239.458;33;29.03.23;1.329712943;0.1624;162;895.1
29.03.23 13:24;Strickhof;Hohrueti 2;2;74.31302797;2693692.255;1255275.213;33;29.03.23;;0.262476923;162;895.1
29.03.23 13:37;Strickhof;Hohrueti 2;4;58.22866306;2693685.651;1255299.318;33;29.03.23;1.458412494;0.160784615;162;895.1
29.03.23 13:48;Strickhof;Hohrueti 2;1;58.90394297;2693689.788;1255318.025;32;29.03.23;1.949224389;0.202823077;162;895.1
05.04.23 13:20;Strickhof;Hohrueti 2;3;77.19022021;2693713.061;1255236.321;32;05.04.23;;0.193657143;169;941.8
05.04.23 13:33;Strickhof;Hohrueti 2;2;85.21847823;2693691.178;1255275.773;31;05.04.23;2.71389979;0.1974;169;941.8
05.04.23 13:46;Strickhof;Hohrueti 2;4;82.81531314;2693692.073;1255299.49;31;05.04.23;3.371325508;0.182553846;169;941.8
05.04.23 14:00;Strickhof;Hohrueti 2;1;79.47985488;2693690.473;1255314.275;31;05.04.23;2.04099276;0.1279;169;941.8
19.04.23 14:32;Strickhof;Hohrueti 2;3;45.89578134;2693714.156;1255237.079;32;19.04.23;3.828413983;0.335092308;183;1048.3
19.04.23 14:42;Strickhof;Hohrueti 2;2;39.07572428;2693692.754;1255270.49;32;19.04.23;;0.347246154;183;1048.3
19.04.23 14:54;Strickhof;Hohrueti 2;4;37.05055645;2693686.957;1255296.72;32;19.04.23;3.352282984;0.259433333;183;1048.3
19.04.23 15:04;Strickhof;Hohrueti 2;1;33.32063651;2693687.106;1255311.7;32;19.04.23;2.262883117;0.173361538;183;1048.3
26.04.23 14:23;Strickhof;Hohrueti 2;3;33.54616518;2693709.803;1255234.424;33;26.04.23;3.766940702;0.284092308;190;1107.4
26.04.23 14:32;Strickhof;Hohrueti 2;2;47.50099339;2693693.476;1255274.393;33;26.04.23;4.332723984;0.363630769;190;1107.4
26.04.23 14:41;Strickhof;Hohrueti 2;4;39.63702167;2693685.028;1255296.764;33;26.04.23;3.879635492;0.303169231;190;1107.4
26.04.23 14:48;Strickhof;Hohrueti 2;1;53.67850472;2693688.319;1255313.346;33;26.04.23;2.353541892;0.228130769;190;1107.4
03.05.23 08:35;Strickhof;Hohrueti 2;3;68.83789816;2693717.881;1255236.248;33;03.05.23;4.703333333;0.595033333;197;1192.8
03.05.23 08:53;Strickhof;Hohrueti 2;2;78.6493686;2693694.023;1255275.38;33;03.05.23;4.696666667;0.5208;197;1192.8
03.05.23 09:10;Strickhof;Hohrueti 2;4;75.82488511;2693688.683;1255300.312;33;03.05.23;3.78;0.288876923;197;1192.8
03.05.23 09:21;Strickhof;Hohrueti 2;1;74.37824516;2693689.094;1255313.526;33;03.05.23;3.546666667;0.306415385;197;1192.8
10.05.23 12:51;Strickhof;Hohrueti 2;3;82.50341219;2693715.851;1255234.655;34;10.05.23;5.46;0.652814286;204;1295.2
10.05.23 13:05;Strickhof;Hohrueti 2;2;47.54504294;2693693.484;1255277.091;34;10.05.23;4.973333333;0.687338462;204;1295.2
10.05.23 13:20;Strickhof;Hohrueti 2;4;49.7622643;2693692.625;1255298.557;33;10.05.23;4.903333333;0.3848;204;1295.2
10.05.23 13:33;Strickhof;Hohrueti 2;1;77.25760377;2693689.071;1255312.957;33;10.05.23;4.51;0.547876923;204;1295.2
17.05.23 13:14;Strickhof;Hohrueti 2;3;88.9863442;2693710.903;1255227.255;34;17.05.23;5.506666667;0.968569231;211;1369.6
17.05.23 13:28;Strickhof;Hohrueti 2;2;85.4051378;2693697.684;1255265.437;34;17.05.23;5.406666667;0.620184615;211;1369.6
17.05.23 13:40;Strickhof;Hohrueti 2;4;86.33879987;2693692.697;1255292.826;34;17.05.23;4.866666667;0.422261538;211;1369.6
17.05.23 13:50;Strickhof;Hohrueti 2;1;62.74550952;2693685.197;1255312.858;34;17.05.23;4.84;0.492184615;211;1369.6
24.05.23 09:27;Strickhof;Hohrueti 2;3;82.45392474;2693714.56;1255240.739;35;24.05.23;;0.745107692;218;1469.8
24.05.23 09:51;Strickhof;Hohrueti 2;2;82.40531011;2693689.304;1255274.667;49;24.05.23;;;218;1469.8
24.05.23 10:11;Strickhof;Hohrueti 2;4;77.01648979;2693691.818;1255295.212;49;24.05.23;;0.530415385;218;1469.8
24.05.23 10:58;Strickhof;Hohrueti 2;1;81.13820896;2693691.338;1255315.174;49;24.05.23;;;218;1469.8
31.05.23 12:43;Strickhof;Hohrueti 2;3;71.94441179;2693708.109;1255240.754;60;31.05.23;6.28;0.808415385;225;1591.6
31.05.23 12:59;Strickhof;Hohrueti 2;2;79.01135982;2693689.702;1255277.134;59;31.05.23;5.676666667;0.712569231;225;1591.6
31.05.23 13:10;Strickhof;Hohrueti 2;4;77.71618376;2693689.872;1255299.115;59;31.05.23;6.16;;225;1591.6
31.05.23 13:20;Strickhof;Hohrueti 2;1;83.44308987;2693682.798;1255317.765;59;31.05.23;5.593333333;0.955953846;225;1591.6
10.03.23 09:52;Strickhof;Neuhof 3;4;42.83367518;2694052.247;1255182.153;26;10.03.23;;0.387053846;143;742.6
10.03.23 10:18;Strickhof;Neuhof 3;7;23.61912355;2694078.982;1255142.775;26;10.03.23;;0.324746154;143;742.6
10.03.23 10:50;Strickhof;Neuhof 3;5;42.88433687;2694074.713;1255195.303;25;10.03.23;;0.394746154;143;742.6
10.03.23 11:21;Strickhof;Neuhof 3;6;49.23012188;2694106.297;1255205.354;26;10.03.23;;0.256907143;143;742.6
10.03.23 12:58;Strickhof;Neuhof 3;1;33.70626944;2694027.205;1255284.514;26;10.03.23;;0.305121429;143;742.6
10.03.23 13:24;Strickhof;Neuhof 3;2;46.42106044;2694051.439;1255263.62;26;10.03.23;;0.360515385;143;742.6
10.03.23 13:45;Strickhof;Neuhof 3;3;35.65350442;2694071.215;1255245.536;26;10.03.23;;0.351669231;143;742.6
15.03.23 15:39;Strickhof;Neuhof 3;1;54.02533135;2694033.089;1255282.292;28;15.03.23;;0.257592308;148;772.6
15.03.23 15:53;Strickhof;Neuhof 3;2;38.43320996;2694046.94;1255266.956;28;15.03.23;;0.378207692;148;772.6
15.03.23 16:05;Strickhof;Neuhof 3;3;39.37504772;2694076.695;1255241.28;28;15.03.23;;0.232394872;148;772.6
15.03.23 16:20;Strickhof;Neuhof 3;6;52.84595254;2694108.661;1255205.419;28;15.03.23;;0.387438462;148;772.6
15.03.23 16:34;Strickhof;Neuhof 3;5;35.85812918;2694076.443;1255199.063;28;15.03.23;;0.398976923;148;772.6
15.03.23 16:46;Strickhof;Neuhof 3;4;38.62164658;2694048.859;1255184.052;28;15.03.23;;0.371669231;148;772.6
15.03.23 16:58;Strickhof;Neuhof 3;7;37.17328609;2694069.705;1255155.145;28;15.03.23;;0.223592308;148;772.6
22.03.23 15:28;Strickhof;Neuhof 3;1;62.50275663;2694026.88;1255279.495;32;22.03.23;;0.185053846;155;838.1
22.03.23 15:45;Strickhof;Neuhof 3;2;57.36556191;2694044.659;1255265.661;32;22.03.23;1.781924892;0.1559;155;838.1
22.03.23 15:58;Strickhof;Neuhof 3;3;48.82231033;2694068.092;1255243.077;32;22.03.23;;0.198976923;155;838.1
22.03.23 16:12;Strickhof;Neuhof 3;6;60.05822327;2694113.184;1255210.096;32;22.03.23;;0.238784615;155;838.1
22.03.23 16:26;Strickhof;Neuhof 3;5;57.7689214;2694064.833;1255209.024;32;22.03.23;;0.208592308;155;838.1
22.03.23 16:39;Strickhof;Neuhof 3;4;57.52888746;2694051.171;1255186.153;32;22.03.23;;0.175169231;155;838.1
22.03.23 16:53;Strickhof;Neuhof 3;7;64.03497139;2694072.083;1255149.143;32;22.03.23;;0.215515385;155;838.1
29.03.23 14:15;Strickhof;Neuhof 3;1;51.09694995;2694027.491;1255284.412;33;29.03.23;;0.280284615;162;895.1
29.03.23 14:29;Strickhof;Neuhof 3;2;69.30036506;2694051.278;1255267.798;33;29.03.23;;0.237669231;162;895.1
29.03.23 14:41;Strickhof;Neuhof 3;3;49.45605871;2694070.256;1255245.362;33;29.03.23;;0.149284615;162;895.1
29.03.23 14:53;Strickhof;Neuhof 3;6;41.0798689;2694109.612;1255211.232;33;29.03.23;;0.211669231;162;895.1
29.03.23 15:05;Strickhof;Neuhof 3;5;57.18748619;2694073.047;1255201.87;32;29.03.23;;0.198746154;162;895.1
29.03.23 15:29;Strickhof;Neuhof 3;7;61.05049667;2694070.065;1255144.828;33;29.03.23;;0.148630769;162;895.1
05.04.23 14:25;Strickhof;Neuhof 3;1;74.49033133;2694034.406;1255279.801;31;05.04.23;2.951197214;0.155630769;169;941.8
05.04.23 14:37;Strickhof;Neuhof 3;2;59.34789838;2694045.757;1255268.2;31;05.04.23;2.531136681;0.165130769;169;941.8
05.04.23 14:47;Strickhof;Neuhof 3;3;73.73904632;2694071.659;1255244.644;31;05.04.23;;0.253861538;169;941.8
05.04.23 14:57;Strickhof;Neuhof 3;6;72.92670105;2694111.193;1255201.675;31;05.04.23;2.570264337;0.232015385;169;941.8
05.04.23 15:08;Strickhof;Neuhof 3;5;73.398116;2694081.911;1255203.945;31;05.04.23;1.687877765;0.187669231;169;941.8
05.04.23 15:21;Strickhof;Neuhof 3;4;74.54840892;2694052.638;1255192.114;31;05.04.23;2.096125535;0.210207692;169;941.8
05.04.23 15:29;Strickhof;Neuhof 3;7;75.30309104;2694073.723;1255146.214;31;05.04.23;2.636959069;0.193592308;169;941.8
19.04.23 13:02;Strickhof;Neuhof 3;1;57.8350177;2694027.595;1255286.221;32;19.04.23;;0.299092308;183;1048.3
19.04.23 13:19;Strickhof;Neuhof 3;2;51.51087757;2694050.685;1255265.682;32;19.04.23;4.30676487;0.250553846;183;1048.3
19.04.23 13:29;Strickhof;Neuhof 3;3;61.99876448;2694063.962;1255241.138;32;19.04.23;3.952630953;0.245728205;183;1048.3
19.04.23 13:39;Strickhof;Neuhof 3;6;51.31223702;2694104.438;1255207.752;32;19.04.23;;0.312476923;183;1048.3
19.04.23 13:49;Strickhof;Neuhof 3;5;57.38535438;2694070.984;1255199.992;32;19.04.23;;0.347976923;183;1048.3
19.04.23 13:58;Strickhof;Neuhof 3;4;58.59404513;2694050.19;1255189.386;32;19.04.23;4.018506077;0.257053846;183;1048.3
19.04.23 14:08;Strickhof;Neuhof 3;7;48.56340699;2694068.699;1255149.21;32;19.04.23;2.5002264;0.179087179;183;1048.3
26.04.23 13:02;Strickhof;Neuhof 3;1;86.42162433;2694029.552;1255282.836;33;26.04.23;;0.467630769;190;1107.4
26.04.23 13:12;Strickhof;Neuhof 3;2;85.34343076;2694051.715;1255261.779;33;26.04.23;;0.359976923;190;1107.4
26.04.23 13:21;Strickhof;Neuhof 3;3;83.46393099;2694071.805;1255235.456;33;26.04.23;;0.443630769;190;1107.4
26.04.23 13:33;Strickhof;Neuhof 3;6;61.25429255;2694106.52;1255204.873;33;26.04.23;;0.362707692;190;1107.4
26.04.23 13:43;Strickhof;Neuhof 3;5;74.99764525;2694078.581;1255199.395;33;26.04.23;;0.443323077;190;1107.4
26.04.23 13:52;Strickhof;Neuhof 3;4;51.17994395;2694050.519;1255180.238;33;26.04.23;4.227370315;0.309015385;190;1107.4
26.04.23 14:01;Strickhof;Neuhof 3;7;54.47527097;2694077.778;1255153.675;33;26.04.23;3.30695776;0.382976923;190;1107.4
03.05.23 09:46;Strickhof;Neuhof 3;1;82.19123495;2694033.328;1255284.364;33;03.05.23;4.893333333;0.360030769;197;1192.8
03.05.23 10:00;Strickhof;Neuhof 3;2;57.75994195;2694048.268;1255261.408;33;03.05.23;4.67;0.359671429;197;1192.8
03.05.23 10:12;Strickhof;Neuhof 3;3;55.58946398;2694070.618;1255242.516;33;03.05.23;4.243333333;0.419030769;197;1192.8
03.05.23 10:23;Strickhof;Neuhof 3;6;61.08164218;2694106.233;1255207.408;33;03.05.23;4.666666667;0.380184615;197;1192.8
03.05.23 10:34;Strickhof;Neuhof 3;5;55.20558298;2694073.131;1255201.359;33;03.05.23;4.82;0.417876923;197;1192.8
03.05.23 10:46;Strickhof;Neuhof 3;4;53.57520335;2694051.149;1255182.793;33;03.05.23;4.743333333;0.336723077;197;1192.8
03.05.23 11:00;Strickhof;Neuhof 3;7;59.258669;2694078.63;1255155.375;33;03.05.23;5.043333333;0.498415385;197;1192.8
10.05.23 14:18;Strickhof;Neuhof 3;1;83.62317497;2694030.669;1255279.364;34;10.05.23;5.873333333;0.660030769;204;1295.2
10.05.23 14:32;Strickhof;Neuhof 3;2;85.978008;2694047.607;1255257.65;34;10.05.23;5.64;0.591184615;204;1295.2
10.05.23 14:42;Strickhof;Neuhof 3;3;70.50111873;2694068.697;1255247.579;34;10.05.23;4.873333333;0.392492308;204;1295.2
10.05.23 14:53;Strickhof;Neuhof 3;6;88.27387806;2694106.05;1255208.183;34;10.05.23;5.573333333;0.675953846;204;1295.2
10.05.23 15:05;Strickhof;Neuhof 3;5;52.20416034;2694073.64;1255193.995;34;10.05.23;5.766666667;0.506492308;204;1295.2
10.05.23 15:16;Strickhof;Neuhof 3;4;58.6986526;2694050.473;1255182.367;34;10.05.23;5.186666667;0.727723077;204;1295.2
10.05.23 15:25;Strickhof;Neuhof 3;7;85.64800372;2694070.745;1255152.579;34;10.05.23;5.35;0.562723077;204;1295.2
17.05.23 14:17;Strickhof;Neuhof 3;1;52.8407972;2694033.227;1255279.992;35;17.05.23;6.016666667;0.481558974;211;1369.6
17.05.23 14:30;Strickhof;Neuhof 3;2;85.98507226;2694044.814;1255264.69;35;17.05.23;5.653333333;0.870646154;211;1369.6
17.05.23 14:42;Strickhof;Neuhof 3;3;70.58482229;2694067.768;1255245.188;35;17.05.23;5.366666667;0.639723077;211;1369.6
17.05.23 14:52;Strickhof;Neuhof 3;6;51.81885394;2694107.812;1255209.894;35;17.05.23;6.433333333;0.998030769;211;1369.6
17.05.23 15:03;Strickhof;Neuhof 3;5;88.28171467;2694071.545;1255201.665;35;17.05.23;6.116666667;0.7898;211;1369.6
17.05.23 15:13;Strickhof;Neuhof 3;4;58.83360184;2694043.514;1255176.552;35;17.05.23;6.223333333;0.722492308;211;1369.6
17.05.23 15:23;Strickhof;Neuhof 3;7;50.21585849;2694067.616;1255158.061;35;17.05.23;5.31;0.6668;211;1369.6
24.05.23 11:25;Strickhof;Neuhof 3;1;88.94630715;2694030.512;1255276.523;39;24.05.23;;0.790492308;218;1469.8
24.05.23 11:41;Strickhof;Neuhof 3;2;88.96815924;2694052.77;1255260.212;39;24.05.23;;0.886030769;218;1469.8
24.05.23 11:52;Strickhof;Neuhof 3;3;86.05730347;2694075.818;1255244.346;39;24.05.23;;0.986953846;218;1469.8
24.05.23 12:08;Strickhof;Neuhof 3;6;83.19628052;2694113.112;1255201.459;39;24.05.23;;0.902492308;218;1469.8
24.05.23 12:19;Strickhof;Neuhof 3;5;86.24837742;2694077.063;1255203.416;39;24.05.23;;0.828261538;218;1469.8
24.05.23 12:30;Strickhof;Neuhof 3;4;84.51155674;2694053.706;1255191.786;39;24.05.23;;0.842646154;218;1469.8
24.05.23 12:42;Strickhof;Neuhof 3;7;84.55067701;2694077.676;1255140.978;39;24.05.23;;0.573314286;218;1469.8
31.05.23 13:43;Strickhof;Neuhof 3;1;80.80798491;2694026.578;1255279.392;59;31.05.23;5.99;0.915492308;225;1591.6
31.05.23 13:54;Strickhof;Neuhof 3;2;77.01939084;2694044.355;1255264.095;59;31.05.23;5.746666667;0.9678;225;1591.6
31.05.23 14:05;Strickhof;Neuhof 3;3;80.3385919;2694062.393;1255244.412;59;31.05.23;6.063333333;0.960184615;225;1591.6
31.05.23 14:18;Strickhof;Neuhof 3;6;78.74808606;2694108.04;1255204.291;59;31.05.23;6.343333333;1.148723077;225;1591.6
31.05.23 14:30;Strickhof;Neuhof 3;5;78.84550997;2694072.555;1255204.193;59;31.05.23;6.066666667;0.957107692;225;1591.6
31.05.23 14:47;Strickhof;Neuhof 3;4;77.75928513;2694052.399;1255180.534;59;31.05.23;6.4;0.807646154;225;1591.6
31.05.23 14:59;Strickhof;Neuhof 3;7;80.19799127;2694070.093;1255160.981;59;31.05.23;5.893333333;0.805107692;225;1591.6
08.03.23 10:17;SwissFutureFarm;Grund;1;32.3375435;2710981.562;1260246.05;25;08.03.23;;0.065471795;141;702.6
08.03.23 11:41;SwissFutureFarm;Grund;3;32.85558881;2711037.665;1260249.783;25;08.03.23;;0.159308333;141;702.6
08.03.23 12:52;SwissFutureFarm;Grund;5;31.18163686;2711147.732;1260220.686;25;08.03.23;;0.158475;141;702.6
08.03.23 13:35;SwissFutureFarm;Grund;6;26.22060893;2711195.723;1260213.609;24;08.03.23;;0.175141667;141;702.6
08.03.23 14:19;SwissFutureFarm;Grund;8;29.13444111;2711190.902;1260149.45;25;08.03.23;;0.140927778;141;702.6
08.03.23 15:22;SwissFutureFarm;Grund;7;31.42521234;2711118.675;1260165.443;26;08.03.23;;0.11178;141;702.6
08.03.23 15:59;SwissFutureFarm;Grund;4;25.302011;2711015.257;1260168.781;26;08.03.23;;0.153207692;141;702.6
08.03.23 16:32;SwissFutureFarm;Grund;2;25.27997052;2710967.885;1260176.211;26;08.03.23;;0.236192857;141;702.6
15.03.23 10:02;SwissFutureFarm;Grund;1;42.21485907;2710982.722;1260247.204;28;15.03.23;1.606220577;0.202438462;148;753
15.03.23 10:19;SwissFutureFarm;Grund;3;43.10461602;2711036.935;1260234.124;28;15.03.23;;0.318207692;148;753
15.03.23 10:38;SwissFutureFarm;Grund;5;48.25527364;2711147.598;1260212.36;28;15.03.23;;0.2409;148;753
15.03.23 10:56;SwissFutureFarm;Grund;6;28.30543047;2711192.139;1260214.334;27;15.03.23;;0.242438462;148;753
15.03.23 11:14;SwissFutureFarm;Grund;8;48.12054418;2711192.218;1260150.006;27;15.03.23;;0.273592308;148;753
15.03.23 11:35;SwissFutureFarm;Grund;7;37.70940333;2711124.63;1260162.955;27;15.03.23;;0.233592308;148;753
15.03.23 11:53;SwissFutureFarm;Grund;4;42.64381942;2711011.789;1260173.073;27;15.03.23;;0.254361538;148;753
15.03.23 12:13;SwissFutureFarm;Grund;2;31.58299324;2710970.518;1260174.289;27;15.03.23;;0.251669231;148;753
22.03.23 09:56;SwissFutureFarm;Grund;1;56.91678396;2710982.529;1260251.423;32;22.03.23;1.353187369;0.114010256;155;812
22.03.23 10:17;SwissFutureFarm;Grund;3;53.552334;2711033.236;1260239.978;32;22.03.23;;0.165284615;155;812
22.03.23 10:33;SwissFutureFarm;Grund;5;54.62470663;2711140.831;1260231.173;31;22.03.23;;0.199246154;155;812
22.03.23 10:53;SwissFutureFarm;Grund;6;51.9072356;2711197.139;1260206.543;31;22.03.23;;0.1964;155;812
22.03.23 11:11;SwissFutureFarm;Grund;8;55.14488063;2711197.373;1260146.044;31;22.03.23;;0.2009;155;812
22.03.23 11:29;SwissFutureFarm;Grund;7;52.5935797;2711123.15;1260165.033;30;22.03.23;;0.115476923;155;812
22.03.23 11:43;SwissFutureFarm;Grund;4;55.05111129;2711015.965;1260179.537;30;22.03.23;1.337383253;0.160553846;155;812
22.03.23 12:00;SwissFutureFarm;Grund;2;49.67349959;2710966.387;1260170.18;30;22.03.23;;0.124592308;155;812
29.03.23 09:50;SwissFutureFarm;Grund;1;58.07887576;2710981.019;1260248.729;33;29.03.23;;0.222130769;162;870.8
29.03.23 10:07;SwissFutureFarm;Grund;3;57.17667945;2711039.582;1260238.867;33;29.03.23;;0.202823077;162;870.8
29.03.23 10:24;SwissFutureFarm;Grund;5;46.07623693;2711143.795;1260206.961;33;29.03.23;1.983712568;0.189169231;162;870.8
29.03.23 10:38;SwissFutureFarm;Grund;6;42.66185368;2711191.073;1260204.196;32;29.03.23;;0.223323077;162;870.8
29.03.23 10:52;SwissFutureFarm;Grund;8;47.59611907;2711190.924;1260141.541;32;29.03.23;;0.229669231;162;870.8
29.03.23 11:05;SwissFutureFarm;Grund;7;38.30605966;2711129.018;1260161.439;32;29.03.23;;0.186630769;162;870.8
29.03.23 11:21;SwissFutureFarm;Grund;4;36.73414693;2711013.18;1260171.725;32;29.03.23;1.274421315;0.144169231;162;870.8
29.03.23 11:33;SwissFutureFarm;Grund;2;37.90773619;2710970.73;1260169.05;33;29.03.23;;0.130361538;162;870.8
05.04.23 09:53;SwissFutureFarm;Grund;1;53.58676361;2710982.862;1260241.414;33;05.04.23;2.47687105;0.207246154;169;916.3
05.04.23 10:13;SwissFutureFarm;Grund;3;55.06206874;2711036.994;1260227.274;32;05.04.23;2.80573508;0.187707692;169;916.3
05.04.23 10:28;SwissFutureFarm;Grund;5;54.59059727;2711138.43;1260214.028;32;05.04.23;2.646283852;0.156053846;169;916.3
05.04.23 10:42;SwissFutureFarm;Grund;6;58.04380566;2711198.056;1260206.15;33;05.04.23;2.058469144;0.184130769;169;916.3
05.04.23 10:55;SwissFutureFarm;Grund;8;66.98079678;2711198.543;1260147.329;32;05.04.23;3.045552241;0.177228571;169;916.3
05.04.23 11:07;SwissFutureFarm;Grund;7;57.0519153;2711125.83;1260156.601;31;05.04.23;2.491246704;0.157015385;169;916.3
05.04.23 11:22;SwissFutureFarm;Grund;4;53.8931513;2711015.33;1260172.609;31;05.04.23;1.36037337;0.106266667;169;916.3
05.04.23 11:35;SwissFutureFarm;Grund;2;56.8069144;2710968.917;1260170.409;31;05.04.23;2.124542222;0.144361538;169;916.3
19.04.23 09:59;SwissFutureFarm;Grund;1;68.85054475;2710981.566;1260249.569;32;19.04.23;;0.3424;183;1018.3
19.04.23 10:16;SwissFutureFarm;Grund;3;51.85359123;2711033.051;1260238.376;32;19.04.23;3.362382032;0.243861538;183;1018.3
19.04.23 10:29;SwissFutureFarm;Grund;5;55.78182519;2711138.42;1260220.283;32;19.04.23;3.61801704;0.256553846;183;1018.3
19.04.23 10:42;SwissFutureFarm;Grund;6;55.02480715;2711185.113;1260196.208;31;19.04.23;;0.331515385;183;1018.3
19.04.23 10:53;SwissFutureFarm;Grund;8;55.68700092;2711195.892;1260150.858;31;19.04.23;;0.359308333;183;1018.3
19.04.23 11:09;SwissFutureFarm;Grund;7;50.53670122;2711123.924;1260160.481;32;19.04.23;3.581627988;0.239823077;183;1018.3
19.04.23 11:23;SwissFutureFarm;Grund;4;52.33213951;2711010.647;1260183.445;31;19.04.23;3.432508072;0.296015385;183;1018.3
19.04.23 11:35;SwissFutureFarm;Grund;2;49.40353205;2710972.841;1260173.768;31;19.04.23;2.709109849;0.205669231;183;1018.3
26.04.23 09:58;SwissFutureFarm;Grund;1;58.22395984;2710985.249;1260259.35;33;26.04.23;;0.4114;190;1077.8
26.04.23 10:10;SwissFutureFarm;Grund;3;45.30316891;2711028.105;1260229.209;32;26.04.23;;0.381438462;190;1077.8
26.04.23 10:24;SwissFutureFarm;Grund;5;53.72966248;2711144.284;1260216.888;32;26.04.23;4.255815497;0.347553846;190;1077.8
26.04.23 10:35;SwissFutureFarm;Grund;6;50.64644519;2711192.494;1260205.244;32;26.04.23;3.883808309;0.347476923;190;1077.8
26.04.23 10:46;SwissFutureFarm;Grund;8;61.81910636;2711196.537;1260140.761;32;26.04.23;2.741223261;0.279169231;190;1077.8
26.04.23 10:59;SwissFutureFarm;Grund;7;49.9596113;2711121.183;1260168.501;32;26.04.23;;0.308823077;190;1077.8
26.04.23 11:10;SwissFutureFarm;Grund;4;34.80439363;2711013.477;1260175.403;32;26.04.23;;0.307553846;190;1077.8
26.04.23 11:19;SwissFutureFarm;Grund;2;36.90032959;2710966.654;1260173.447;32;26.04.23;;;190;1077.8
03.05.23 12:47;SwissFutureFarm;Grund;1;64.45013604;2710981.872;1260247.067;33;03.05.23;;0.482030769;197;1160.1
03.05.23 13:00;SwissFutureFarm;Grund;3;55.49806195;2711037.358;1260225.421;33;03.05.23;;0.371107692;197;1160.1
03.05.23 13:11;SwissFutureFarm;Grund;5;77.69348396;2711144.321;1260210.9;33;03.05.23;;0.456030769;197;1160.1
03.05.23 13:29;SwissFutureFarm;Grund;6;81.9812602;2711190.661;1260202.567;33;03.05.23;;0.417184615;197;1160.1
03.05.23 13:40;SwissFutureFarm;Grund;8;45.46938296;2711196.85;1260145.302;33;03.05.23;;0.471338462;197;1160.1
03.05.23 13:55;SwissFutureFarm;Grund;7;76.5230532;2711125.446;1260156.478;33;03.05.23;;0.471261538;197;1160.1
03.05.23 14:06;SwissFutureFarm;Grund;4;49.74884536;2711015.545;1260171.275;33;03.05.23;;0.429492308;197;1160.1
03.05.23 14:21;SwissFutureFarm;Grund;2;77.11840971;2710964.841;1260179.812;33;03.05.23;;0.440030769;197;1160.1
10.05.23 09:50;SwissFutureFarm;Grund;1;75.82345342;2710983.959;1260243.601;33;10.05.23;;0.642030769;204;1259.9
10.05.23 10:01;SwissFutureFarm;Grund;3;74.45814973;2711032.477;1260236.669;34;10.05.23;;0.500338462;204;1259.9
10.05.23 10:12;SwissFutureFarm;Grund;5;68.66726345;2711136.304;1260227.639;33;10.05.23;;0.532723077;204;1259.9
10.05.23 10:21;SwissFutureFarm;Grund;6;64.2116217;2711194.735;1260213.74;33;10.05.23;;0.598876923;204;1259.9
10.05.23 10:33;SwissFutureFarm;Grund;8;72.56420748;2711194.605;1260139.327;33;10.05.23;;;204;1259.9
10.05.23 10:47;SwissFutureFarm;Grund;7;49.28450094;2711122.754;1260159.853;33;10.05.23;;0.654261538;204;1259.9
10.05.23 11:00;SwissFutureFarm;Grund;4;47.88918829;2711013.288;1260173.721;34;10.05.23;;0.373107692;204;1259.9
17.05.23 09:56;SwissFutureFarm;Grund;1;40.66587848;2710980.188;1260258.314;34;17.05.23;;;211;1334
17.05.23 10:09;SwissFutureFarm;Grund;3;45.63512606;2711036.785;1260226.627;34;17.05.23;;0.4918;211;1334
17.05.23 10:19;SwissFutureFarm;Grund;5;46.27275506;2711138.934;1260218.134;34;17.05.23;;0.672646154;211;1334
17.05.23 10:28;SwissFutureFarm;Grund;6;41.21559049;2711192.811;1260201.787;34;17.05.23;;0.555723077;211;1334
17.05.23 10:40;SwissFutureFarm;Grund;8;41.37614058;2711196.723;1260153.045;34;17.05.23;;0.722492308;211;1334
17.05.23 10:52;SwissFutureFarm;Grund;7;41.19591105;2711123.903;1260159.94;34;17.05.23;;0.651030769;211;1334
17.05.23 11:04;SwissFutureFarm;Grund;4;50.38524989;2711014.741;1260167.97;34;17.05.23;;0.790261538;211;1334
17.05.23 11:14;SwissFutureFarm;Grund;2;42.77542177;2710969.538;1260172.667;34;17.05.23;;0.511569231;211;1334
31.05.23 09:39;SwissFutureFarm;Grund;1;70.89164954;2710982.459;1260244.738;59;31.05.23;;0.868953846;225;1542.7
31.05.23 09:50;SwissFutureFarm;Grund;3;77.71115401;2711035.391;1260233.89;59;31.05.23;;0.826953846;225;1542.7
31.05.23 10:03;SwissFutureFarm;Grund;5;75.8778576;2711140.828;1260214.889;59;31.05.23;;1.120030769;225;1542.7
31.05.23 10:13;SwissFutureFarm;Grund;6;73.27237227;2711186.924;1260205.4;59;31.05.23;;0.951723077;225;1542.7
31.05.23 10:26;SwissFutureFarm;Grund;8;75.87681523;2711194.139;1260147.679;59;31.05.23;;1.036876923;225;1542.7
31.05.23 10:39;SwissFutureFarm;Grund;7;78.46227575;2711129.515;1260153.469;59;31.05.23;;0.879030769;225;1542.7
31.05.23 10:49;SwissFutureFarm;Grund;4;78.28517961;2711017.633;1260170.811;59;31.05.23;;0.887338462;225;1542.7
31.05.23 11:00;SwissFutureFarm;Grund;2;79.77208267;2710970.433;1260176.478;59;31.05.23;;0.819030769;225;1542.7